MOTU;Sequence;List A;Percent identity (query cover);Liste taxo;List B;Taxons distribués;List C;List D;Taxons distributed but 12S absent from Genbank ;COI ? ;List E (a: possible taxon absent from Genbank, b: similar taxon but not distributed);Class;Order;Family;Genus;Species;Taxonomie;MUSA001;MUSA002;MUSA003;MUSA004;MUSA005;MUSA006;MUSA007;MUSA008;MUSA009;MUSA010;MUSA011;MUSA012;MUSA013;MUSA014;MUSA015;MUSA016;MUSA017;MUSA018;MUSA019;MUSA021;MUSA022;MUSA023;MUSA024;MUSA025;MUSA026;MUSA027;MUSA028;MUSA029;MUSA030;MUSA031
Vert16S_00002;tgagcggaagttaagattttaacacacttaccttgcgactaactaatatatctatccaacagtaagttttaaactatttagcgaaagctttggttggggcaaccgcggagtaagaagatcctccgctaataggatattactataataagaattacaattctacaatcaaaatgaaagagtgatccactaaggtgatcaaagaaacaagttaccgcagggataacagcgttatcttttctgagagttcacattgacgaaaaggt;;;;;;;;;;;Echinoidea;Camarodonta;Strongylocentrotidae;Strongylocentrotus;droebachiensis;Strongylocentrotus droebachiensis;30908;5983;10112;19987;65749;34319;15902;14324;8175;3497;44499;10557;4752;31772;33567;0;0;46373;36444;0;133643;154180;0;0;130973;204383;0;0;186966;3032
Vert16S_00003;taactgtttgttaatgcttcttaacaatttagtttgggttggggcaaccggtcttaattttaaaacaagaccattttatgtgttgatttgattcaattgcggacccaaaaatttttgatcattagaaaaagttaccttagggataacagcgtaattctttcagagagtccttattgacgaaagagt;;;;;;;;;;;Ophiuroidea;Amphilepidida;Ophiopholidae;Ophiopholis;aculeata;Ophiopholis aculeata;0;0;0;0;41529;24606;80633;52184;98507;94952;7001;89268;86019;70655;49207;0;0;5115;3524;3182;0;0;0;0;0;0;2095;44190;0;3534
Vert16S_00004;taattaatcaacccaaaaaacacaaaacagcaccaccaagggataacaaaattttacatgggttgacaatttcggttggggtgacctcggagtacaaaaaaccctccgagtgattaaaacctaggcctactggccaaagtgtaatatcacttattgatccaaattcttgatcaacggaacaagttaccctagggataacagcgcaatcctattctagagtccatatcgacaatagggt;;;;;;;;;;Delphinapterus leucas;Mammalia;Cetartiodactyla;Monodontidae;Delphinapterus;leucas;Delphinapterus leucas;81145;54967;51187;1805;0;0;0;0;0;0;0;0;18803;0;0;5988;65849;17477;2147;0;0;0;108365;67863;0;0;0;0;0;0
Vert16S_00005;taattaactaacccaatagaatttattcaattaaccaatatgggacaaagtaattctacagtgggacagcaatttaggttggggcgacctcggagtatagcacaacccccgagtgatataaatctagacatacctgtcaaaacgaactatcataaattgatccaaaaatttttgatcaacggaacaagttaccctagggataacagcgcaatcctattcaagagttcatatcgacaatagggt;;;;;;;;;;Odobenus rosmarus;Mammalia;Carnivora;Odobenidae;Odobenus;rosmarus;Odobenus rosmarus;0;0;97293;127766;0;1723;9342;18270;0;0;0;0;0;0;0;0;0;0;0;0;0;0;0;0;0;0;0;0;0;0
Vert16S_00006;tagacaccaaggtagcccacgttaaagaccctgaacaaaggactaaaccaagtgagccctaccctaatgtctttggttggggcgaccgcggggaaataaagaacccccacgtggaacgggaacactcttcctacaactaagagctacagctctagtaaacagaacttctgaccaacaagatccggcaatgccgatcaacggaccgagttaccctagggataacagcgcaatcctcttttagagcccatatcgacaagggggt;;;;;;;;;;Myoxocephalus jaok, Myoxocephalus scorpius, Myoxocephalus stelleri;Teleostei;Perciformes;Cottidae;Myoxocephalus;;Myoxocephalus sp.;4920;0;5875;11794;22706;14190;1897;2536;3709;3994;10041;6548;7871;6655;2196;1281;16539;8073;7203;0;0;15045;6426;10448;0;13524;42340;25974;1614;0
Vert16S_00008;tagacgcccaccaatcacgaaaagcaggtctcgctcaacagacttccaaacaacgtgatactggcacaaacgtcttcggttggggcgaccgcgggagagaaaaaagctcccgagaggattggggctaccctaaaaccaagagctacacctctaagtcacaaaacatttgaccaaaaatgatccggctacatgccgattaacgaaccaagttaccctagggataacagcgcaatcccttcccagagtccatatcgacgaaggggt;;;;;;;;;;;Teleostei;Clupeiformes;Clupeidae;Clupea;harengus;Clupea harengus;0;0;0;0;0;0;0;0;0;0;36863;0;0;0;0;0;0;0;0;0;0;0;15987;49991;0;0;12447;33311;0;0
Vert16S_00010;caacttcctaaagaacataagaccctttaaaagaaaatttcctcttcaaagaagttttggttggggcaaccacggagtataagaaacctccagaaaattaacccgatttttcatcacataagacaaacaaaagaaccagaacccctggtaaacagaaaaagttaccgcagggataacagcgtaatctcctttaagagttcacattgacaaggagga;;;;;;;;;;;Holothuroidea;Dendrochirotida;Cucumariidae;Cucumaria;frondosa;Cucumaria frondosa;0;0;0;0;0;85608;0;0;0;0;0;0;0;0;0;0;704;0;0;0;2716;3956;0;0;0;0;656;0;0;0
Vert16S_00011;tagacaccaaagcagcttacgttaagcaccccctaataagggcctaaaccaagtaagccctgccctactgtctttggttggggcgaccgcggggcactaaataacccccacgtggaccgggaggactcctcctacagctaagagctacagctctagtaaacagaatttctgaccaataagatccggcaacgccgatcaacggaccgagttaccctagggataacagcgcaatcctcttttagagcccatatcgacaagggggt;;;;;;;;;;;Teleostei;Perciformes;Cyclopteridae;Cyclopterus;lumpus;Cyclopterus lumpus;0;0;11316;4284;2515;7028;0;0;0;0;0;0;0;0;0;0;0;1946;382;0;0;1042;4490;9572;0;0;3911;4493;0;0
Vert16S_00012;tagacacacaggtggcccatgtcaaataacccccgctaagggcctgaactaagtggaacctgccttgatgtcttcggttggggcgaccatggggaatacaaaacccccacgtggaaggggagcacacccctaagttacttcttctcccgcaagccagagcaacggctctaaccagcagaaattctgaccaaactgatccggtaataccgatcaacgaaccaagttaccctagggataacagcgcaatccccttttagagcccatatcgacaagggggt;;;;;;;;;;Hippoglossoides platessoides;Teleostei;Pleuronectiformes;Pleuronectidae;Hippoglossoides;platessoides;Hippoglossoides platessoides;0;0;13720;2296;1267;0;0;354;0;0;0;0;0;0;0;0;1998;0;289;0;0;0;1330;5419;0;0;7801;7842;0;4556
Vert16S_00013;tagacctaaagtaagtcacgtttaacatgctgtgataacagtgaaaacttagtgatatttactgaagtgtctttggttggggcgaccgcggggtaaaacacaacccccatgtggaccggggatattatccctaatactcagagcctctactccaagtaacagaatttctgacttttctgatccggtataaccgatcaacgaaccgagttaccctagggataacagcgcaatcccctctcagagcccatatcgacgagggggt;Boreogadus saida, Gadus morhua, Pollachius virens, Arctogadus glacialis;;;;;;;;;Boreogadus saida, Gadus morhua, Pollachius virens, Arctogadus glacialis;Teleostei;Gadiformes;Gadidae;;;Gadidae;0;0;5438;1027;189;1113;312;424;0;0;14339;0;0;743;2239;0;0;445;0;1070;0;0;3627;1244;0;2155;4106;974;0;0
Vert16S_00014;aaaaatctgcggccactatatacaaatttaaacctaataggcttactacccttaaacactggttcgcatttttcggttggggcgatcttggagaaaaacaaatcctccaaaaataagaccacacttcttaaccaagagcaacccctcaacgtactaacagtaaccagacccaatacaattgatcaatgaaccaagctaccccagggataacagcgcaatctcctctaagagccctcatcgacgaggaggt;;;;;;;;;;Uria lomvia;Aves;Charadriiformes;Alcidae;Uria;lomvia;Uria lomvia;0;0;0;0;0;0;0;0;0;0;0;0;3396;0;0;0;32692;0;0;0;0;230;0;0;0;0;0;0;0;437
Vert16S_00016;aaaaatcaacggccaccgcgaatccaaaaccaaacccaccgggcccaccaccaatcgcagggcatggccgatatttttcggttggggcgaccttggagaaaaatagatcctccaaaaacaagaccatacctctttacctagagccacccctcaaagtgctaatagtgaccagacccaatataattgattaatggaccaagctaccccagggataacagcgcaatccccctcaagagcccctatcgacaggggggt;;;;;;;;;;Somateria mollissima, Somateria spectabilis;Aves;Anseriformes;Anatidae;Somateria;;Somateria sp.;0;0;5459;0;0;0;0;0;0;0;0;0;0;0;0;327;902;1349;887;0;0;0;0;313;0;0;11726;431;1066;1545
Vert16S_00017;aataaataattatttattaaaagagttaggaagttttactggggcagtagggatatataattaactatttataaagtatggtgcaggatcctttaaaataaagtcaaaggaaaaagttaccctggggataacagcgttatttttttttagagaactaatcgaaaaaaaagt;;;;;;;;;;;Bivalvia;Myida;Myidae;Mya;truncata;Mya truncata;0;0;280;251;4860;4431;363;340;1840;1627;251;2641;2426;1035;384;0;0;0;175;0;0;75;0;0;0;0;0;0;0;0
Vert16S_00020;gatagataagtgtttattaaaaaaattaggaagttttactggggcagtagggatatataattaactatttataaaatatggtgcaggatcctttaaaataaagtcaaaggaaaaagttaccctggggataacagcgttatttttttttagagaactaatcgaaaaaaaagt;;;;;;;;;;;Bivalvia;Myida;Myidae;Mya;;Mya sp.;0;0;6243;3141;393;115;0;52;2715;3295;569;142;0;184;0;0;0;0;0;0;0;0;0;0;0;0;0;0;0;0
Vert16S_00021;tagacactaagacagcccacgttaagcaccctgaataaaggactaaaccaagtggaccctgccctaatgtctttggttggggcgaccgcggggaattaaagaacccccacgtggaatgggaatacttttcctacaactaagagctacagctctcataaacagaatttctgaccaacaagatccggcaatgccgatcaacggaccgagttaccctagggataacagcgcaatcctcttttagagcccatatcgacaagggggt;;;;;;;;;;Gymnocanthus tricuspis;Teleostei;Perciformes;Cottidae;Gymnocanthus;tricuspis;Gymnocanthus tricuspis;0;0;0;0;2412;2509;732;109;0;741;0;180;290;0;0;0;0;1994;799;0;0;0;0;0;0;0;0;6916;0;0
Vert16S_00022;taactacttagcccaaagaaataaatttaacaactaaggaaacaacaatactctttatgggctaacagctttggttggggtgacctcggagaacagaaaatcctccgagcgattttaaagactagacctacaagtcaaatcacacaatcgcttattgatccaaaaaattgatcaacggaacaagttaccctagggataacagcgcaatcctattcaagagtccatatcgacaatagggt;;;;;;;;;;Rangifer tarandus;Mammalia;Artiodactyla;Cervidae;Rangifer;tarandus;Rangifer tarandus;0;0;0;0;0;0;0;0;0;0;0;0;0;0;0;0;0;0;490;0;0;0;0;3153;0;0;6891;1505;0;4235
Vert16S_00023;tagacaccaaggcagatcatgttaataaccctgattaaaggactaaaccaagtggtacctgccctaatgtctttggttggggcgaccgcggggaattgaaaaacccccacgtggaatgggagcacccctcctacaactaagagctacagctctagtaaacagaaattctgaccagtaagatccggcaatgccgatcaacggaccgagttaccctagggataacagcgcaatcctcttttagagcccatatcgacaagggggt;;;;;;;;;;Lumpenus fabricii, Lumpenus lampretaeformis, Leptoclinus maculatus ;Teleostei;Perciformes;Lumpenidae;;;Lumpenidae;0;0;184;0;494;0;0;0;0;0;0;260;0;0;0;0;3336;0;0;0;0;0;4803;3251;0;0;3157;0;0;0
Vert16S_00025;tagacactaagacagcttacgttaaacactcccgagataaaaggaataaactaaacaagctctgccctaatgtctttggttggggcgaccgcggggaactaaataacccccacgtggagcgggagaactcctcctacagctaagagctacagctctaataaacagaaattctgaccagcaagatccggcaatgccgatcaacggaccgagttaccctagggataacagcgcaatcctcttttagagcccatatcgacaagggggt;;;;;;;;;;Liparis fabricii, Liparis gibbus, Liparis tunicatus;Teleostei;Perciformes;Liparidae;Liparis;;Liparis sp.;0;0;186;0;2524;1688;99;0;0;0;136;0;0;122;0;2342;0;304;341;0;0;0;0;2233;0;0;0;3005;0;0
Vert16S_00027;aataaataattatttactgaaagagttaagaagttttactggggcagtagggatatataattaactatttacgaagtacggtgcaggatcctttaaaataaagtcaaaggaaaaagttaccctggggataacagcgttatctttttttagagaactaatcgaaaaaaaggt;;;;;;;;;;;Bivalvia;Myida;Myidae;Mya;;Mya sp.;594;0;0;0;2278;1023;51;99;55;41;460;235;46;612;492;27;0;72;81;0;0;0;1438;663;28;449;66;68;0;1774
Vert16S_00028;tagacaccaaggtagatcatgttaataaccctgaataaaggactaaaccagatggaacctaccctaatgtctttggttggggcgaccgcggggaattaaaaaacccccacgtggaatgggagcacccctcctacaactaagagccacagctctagtaaacagaaattctgaccaataagatccggcagtgccgatcaacggaccgagttaccctagggataacagcgcaatcctcttttagagcccatatcgacaagggggt;;;;;;;;;;Anarhichas denticulatus;Teleostei;Perciformes;Anarhichadidae;Anarhichas;denticulatus;Anarhichas denticulatus;0;0;0;0;0;0;0;0;0;0;0;0;732;0;0;0;0;0;0;0;0;2245;0;0;0;0;6520;245;0;0
Vert16S_00029;agtatattgttaaaatttcacagtttagtggttatttttaattggggcaattggggagtaaagtaaacctcccttagaatagcgaagatcctttgaagaaagataaaaggaaaaagctaccacggggataacagcgtgattcccacttagaggccttattaaagtgggggt;;;;;;;;;;;Bivalvia;Adapedonta;Hiatellidae;Hiatella;arctica;Hiatella arctica;81;0;435;79;2440;1728;225;267;1071;285;452;1085;238;20;99;0;0;0;0;23;0;0;0;29;0;0;0;0;0;0
Vert16S_00030;tagacactagacagcccacgttaaaattgtccttcagcgggcgataaacattgtgactcctgtctctcctgtcttcggttggggcgaccgcggaggataaaagagcctccatgtggaccgaggttactaatctcacaactaagagctgcagctccaagcaacagaaattctgaccaaaatgatccggcacatgccgattaacggaacaagttaccctagggataacagcgcaatcccctcccagagtccctatcgacgagggggt;;;;;;;;;;Mallotus villosus;Teleostei;Osmeriformes;Osmeridae;Mallotus;villosus;Mallotus villosus;0;0;0;0;0;0;0;0;0;338;0;739;223;506;0;0;0;1164;157;0;0;4964;0;0;0;0;0;0;0;0
Vert16S_00032;taattaactaactcaacagagcaaatccagtcaaccaacagggaataaaaacttctacaatgagttagcaatttaggttggggtgacctcggagaacaaaacaacctccgagtgatataaactaagacaaaccagtcaaagtgccacatcactaattgatccaaaaatttttgatcaacggaacaagttaccctagggataacagcgcaatcctgtttgagagtccatatcgacaatagggt;;;;;;;;;;Phoca vitulina;Mammalia;Carnivora;Phocidae;Phoca;vitulina;Phoca vitulina;0;0;0;0;0;0;0;0;0;0;0;232;0;0;0;0;0;934;0;0;0;0;1077;4603;0;0;0;0;0;0
Vert16S_00035;aaaaatcagcggccatcacatacaaatttaaacctactaggcttacagtcttcaagcactggctcgcatttttcggttggggcgaccttggagaaaaacaaatcctccaaaaataagactacacctcttaactaagagcaacccctcaacgtactaatagtaaccagacccaatacaattgaccaatggaccaagctaccccagggataacagcgcaatctcctctaagagcccgcatcgacgaggaggt;;;;;;;;;;Alle alle;Aves;Charadriiformes;Alcidae;Alle;alle;Alle alle;0;0;0;0;0;0;0;0;0;0;0;0;144;0;0;4782;160;0;0;0;0;0;0;997;0;0;0;0;0;0
Vert16S_00040;tagacctaaagtaattcatgtttaatatactatgataacagtgaaaacttagtgatacttactgaagtgtctttggttggggcgaccgcggggtaaaacacaacccccatgtggactggggatattatccctaatactcagagcctctactccaagtaacagaaattctgacttttctgatccggtataaccgatcaacgaaccgagttaccctagggataacagcgcaatcccctctcagagcccatatcgacgagggggt;;;;;;;;;;Melanogrammus aeglefinus;Teleostei;Gadiformes;Gadidae;Melanogrammus;aeglefinus;Melanogrammus aeglefinus;0;0;3982;0;0;0;0;0;0;0;0;0;0;0;0;0;0;0;0;0;0;0;0;0;0;0;0;420;0;0
Vert16S_00042;aaaaatcaacgaccaccgcgaatcttaaaccaaccccactgggatcactaccatcgcagagcctggtcgatatttttcggttggggcgaccttggagaaaaacagatcctccaaaaacaggaccacacctccttacctagagctacccctcaaagtgctaacagtgaccagacccaatataattgattaatggaccaagctaccccagggataacagcgcaatccccctcaagagcccatatcgacaggggggt;;;;;;;;;;Branta leucopsis;Aves;Anseriformes;Anatidae;Branta;leucopsis;Branta leucopsis;0;0;0;0;0;0;0;0;0;0;0;0;0;0;0;0;0;3567;0;0;0;0;0;0;0;0;0;0;0;343
Vert16S_00043;aaaaatcaacggtcactgcatacaaatttaaacctactaggctcattattcccaaatgctgacccgtatttttcggttggggcgaccttggagaaaaacaaaccctccaaaaataagattattcctcttaaccaagagcaacccctcaacgtactaatagtaaccagacccaattcaattgattaatggaccaagctaccccagggataacagcgcaatctcctctaagagcccacatcgacgaggaggt;;;;;;;;;;Cepphus grylle;Aves;Charadriiformes;Alcidae;Cepphus;grylle;Cepphus grylle;0;0;156;0;0;194;0;0;0;0;0;0;0;0;0;0;0;0;0;0;0;0;1514;1010;0;0;798;0;0;0
Vert16S_00045;tagacactaaagtggatcatgtcaatgaccctaaataaaggattgaacaagatggaacccaccctgatgtctttggttggggcgaccgcggggaaataaataacccccatgtggaatgggagcacccctcctacagctgagagttacaactctaataaacagaatttctgaccaaaaagatccggcaatgccgatcaacggacctagttaccctagggataacagcgcaatcctcttttagagcccatatcgacaagggggt;;;;;;;;;;Gasterosteus aculeatus;Teleostei;Perciformes;Gasterosteidae;Gasterosteus;aculeatus;Gasterosteus aculeatus;0;0;0;0;0;0;0;0;0;0;0;0;0;0;0;0;0;0;0;0;0;0;0;0;0;0;0;3500;0;0
Vert16S_00047;tagacgccaagacagaccatgttaaacacctccccacaaggagcccaaaccaaatggtccctgccctagtgtctttggttggggcgaccgcggggaaacataaaacccccatgtggaatgggagcaccccctcctacaactaagagctacagctctaatgaacagaatttctgaccaacaagatccggcaatgccgatcaacggaccgagttaccctagggataacagcgcaatccccttttagagcccatatcgacaagggggt;;;;;;;;;;Ammodytes marinus;Teleostei;Perciformes;Ammodytidae;Ammodytes;marinus;Ammodytes marinus;0;0;1800;0;1091;0;0;0;0;0;0;234;0;0;0;0;0;0;0;0;0;0;0;0;0;0;0;0;0;0
Vert16S_00050;tagagagcaaaacaaaggctggagccaactgccgcttcataaatttaaatttactattaacaacgcctacccctctgtcccttccacttccatactctctttggttggggcaaccacggagcacaataaacctccgaattaacctttccccagattctaaatcaaaaattatgactcctaaaacccatgacccagaaacttctgaccattaaataagttaccgtagggataacagcgtaatcccttccaagagtccgcattgccgaaggggt;;;;;;;;;;;Enteropneusta;Enteropneusta incertae sedis;Harrimaniidae;Saccoglossus;mereschkowskii;Saccoglossus mereschkowskii;0;0;0;139;202;64;0;0;0;183;0;0;43;0;0;0;0;329;82;0;0;0;0;74;0;0;916;0;48;0
Vert16S_00053;aaaaatcaacgaccaccgcgaatcctcaatcaaccccactggggccactaccatcgcagagcctggtcgatatttttcggttggggcgaccttggaggagaacaaatcctccaaaaacaagaccataactctttacctagagctacccctcaaagtgctaacagtgaccagacccaatataattgattaatggaccaagctaccccagggataacagcgcaatccccctcaagagcccatatcgacaggggggt;;;;;;;;;;Anser brachyrhyncus, Anser anser, Anser erythropus, Anser indicus, Anser fabalis, Anser albifrons;Aves;Anseriformes;Anatidae;Anser;;Anser sp.;0;0;0;0;0;0;0;0;0;0;0;0;0;0;0;0;0;484;0;0;0;0;0;0;0;0;864;685;0;0
Vert16S_00057;aataaataattatttactaaagggttaggaagttttactggggcagtagggatatataattaactatctatgaagtatggtgtaggatcctttaaaataaagtcaaaagaaaaagttaccctggggataacagcgttatctttttttagaggactaatcgaaaaaaaggt;;;;;;;;;;;Bivalvia;Myida;Myidae;Mya;;Mya sp.;0;0;15;0;12;0;41;285;0;25;107;0;0;657;407;0;0;0;0;0;0;0;31;0;0;0;0;0;0;0
Vert16S_00060;taatcctaaaatattataattaataatagggggttttagttggggcaactgattttttaataagacaaaatcttagtagatgaattaaatctaagagagacccatggttttcgtggaaaaagaaaaagttaccatagggataacagcgtaattttctttgagagtacatattgacaagaaagt;;;;;;;;;;;Ophiuroidea;Ophiurida;Ophiuridae;Ophiura;sarsii;Ophiura sarsii;0;0;0;0;118;0;0;0;44;22;0;23;0;681;113;0;0;0;214;0;0;0;0;0;0;0;0;0;0;0
Vert16S_00066;taattaattagcccaaacccatgaaatccaaacccctccgggaataacttactatcatcgttatgggctaacaatttaggttggggtgacctcggaatataaaaaaactcccgagtgattaaaatttagacctaccagtcaaaatgtatcatcacttattgatccaataatcattgatcaacggaacaagttaccctagggataacagcgcaatcctatttaagagttcatatcgacaatagggt;;;;;;;;;;Vulpes lagopus;Mammalia;Carnivora;Canidae;Vulpes;lagopus;Vulpes lagopus;0;0;0;0;0;0;0;0;0;0;0;0;0;0;0;0;1090;0;0;0;0;0;0;0;0;0;0;0;0;0
Vert16S_00073;caattaactaatccaatagaatatgtctaattaaccaacaaggaataaaataactctataatggattaacaatttaggttggggtgacctcggagaacaaaacaacctccgagtgatattaatctagacaaaccagtcaaaatatcgtatcattaattgatccaagaaaattgatcaacggaacaagttaccctagggataacagcgcaatcctatttaagagtccatatcgacaatagggt;;;;;;;;;;Erignathus barbatus;Mammalia;Carnivora;Phocidae;Erignathus;barbatus;Erignathus barbatus;0;0;0;0;0;0;36;78;0;0;635;0;0;45;32;0;0;0;0;0;0;0;0;0;0;0;0;0;0;0
Vert16S_00074;taattaactaactcaacagatcaaatccaatcgaccgacaggaagtaaaaaattctataatgagttaacaatttaggttggggtgacctcggagaacaaaacaacctccgagtgatattaaccaagacaaaccagtcaaagtgccatatcattaattgatccaaaaaattttgatcaacggaacaagttaccctagggataacagcgcaatcctatttgagagtccatatcgacaatagggt;;;;;;;;;;Pagophilus groenlandicus;Mammalia;Carnivora;Phocidae;Pagophilus;groenlandicus;Pagophilus groenlandicus;0;0;0;0;0;0;0;0;0;0;324;0;0;0;0;0;494;0;0;0;0;0;0;0;0;0;0;0;0;0
Vert16S_00076;aataaataattgtttattaaaaggttaggaagttttactggggcagtagggatatataattaactatttataaagtatagtgcaggatcctttaaaataaagtcaaaagaaaaagttaccctggggataacagcgttatctttttttagaggactaatcgaaaaaaaggt;;;;;;;;;;;Bivalvia;Myida;Myidae;Mya;;Mya sp.;0;0;21;58;185;146;14;12;16;27;0;31;27;0;0;0;0;0;15;0;0;0;0;11;0;48;0;0;0;39
Vert16S_00080;tacttgaaagcgattttgtttaattagattttaagggctaattattttttactggtaacagtattgttgtgagttacccttgaagtaagttatatgggaaattgttttattgtttggttggggcaaccgcggagaataggaatcctccgcttttgtgaaggaaaagttactactttgttgaaataatttgtttagcaggatccactgtttaagtgattaaaggaataagttaccgcagggataacagcgtcattcttttggagagttcatattgataagggagt;;;;;;;;;;;Asteroidea;Spinulosida;Echinasteridae;Henricia;;Henricia sp.;0;0;76;0;0;0;0;0;0;0;0;0;0;0;0;0;0;0;0;0;107;12;0;0;0;0;0;0;0;397
Vert16S_00085;taaacacttaagttattatctaaccaataattaatctaaagacttaacctaccataaggatagcctaacttaatgttttcggttggggcgaccaaggagtaaaataaaacctccttatcgattgagtatttttacttgaaaattagagcgacagttctgattaatagaatatctaacgaataatgacccaggattaaatcctgatcaatgaaccaagttaccctagggataacagcgcaatcctttctaagagtccatatcgccgaaagggt;;;;;;;;;;Amblyraja radiata, Amblyraja hyperborea;Elasmobranchii;Rajiformes;Rajidae;Amblyraja;;Amblyraja sp.;0;0;0;0;0;0;171;0;0;110;0;0;0;0;0;0;0;0;132;0;0;0;0;0;0;0;0;0;0;0
Vert16S_00093;aaaaatcagcagccactatatgcacaaccttagcctactaggcctactgttcccaaactactggcccgcatttttcggttggggcgaccttggagaaaaataaaccctccaaaaataagaccaaacctcttgaccaagagcaacccctcaacgtactaatagtaaccagacccaatatacttgagcaatggaccaagctaccccagggataacagcgcaatctcctctaagagcccccatcgacgaggaggt;;;;;;;;;;Sterna paradisaea;Aves;Charadriiformes;Laridae;Sterna;paradisaea;Sterna paradisaea;0;0;0;0;0;0;0;0;0;0;312;0;0;0;0;0;0;0;0;0;0;0;0;0;0;0;0;0;0;0
Vert16S_00095;tagacaccaggcagatcacgtcaagtaaacttaaattaacaagtaaaaacgcagtgacccctagcccatatgtctttggttggggcgaccgcgggggaaaataaagcccccatgtggactgggggcactgcccccacagccgagagctacagctctaagcaccagaatttctgaccaaaaatgatccggcgaacgccgatcaacggaccgagttaccctagggataacagcgcaatcctctcccagagtccctatcgacgagggggt;Salvelinus alpinus ?;;;;;;;;;Salvelinus alpinus;Teleostei;Salmoniformes;Salmonidae;Salvelinus;alpinus;Salvelinus alpinus;0;0;237;0;0;0;0;0;0;0;0;0;0;0;0;0;0;0;0;0;0;0;0;0;0;0;0;0;0;0
Vert16S_00106;tgagcggaagttaagattttaacacacttaccttgcgactaactaatatatctatccaacagtaagttttaaactatttagcgaaagctttggttggggcaaccgcggagtaagaagatcctccgctaataggatattactataataagaattacaattctacaatcaaaatgaaagagtgatccactaaggtgatcaaagaaacaagttaccgcagggataacagcgtaattctttcagagagtccttattgacgaaagagt;;;;;;;;;;;Echinoidea;Camarodonta;Strongylocentrotidae;;;Strongylocentrotidae;0;0;0;0;0;0;0;0;27;0;0;27;0;34;29;0;0;0;0;0;0;0;0;0;0;0;0;0;0;0
Vert16S_00110;aaaaatcagcgaccaccacacacaaacctaaccctaccaggctcactacccccaaactctggcccgcatttttcggttggggcgaccttggagaaaaacaaaccctccaaaaataagaccacatctcttgaccaagagcaacccctcaatgtactaacagtaaccagacccaatacacttgaccaatggaccaagctaccccagggataacagcgcaatctcctctaagagcccacatcgacgagggggt;;;;;;;;;;Rissa tridactyla;Aves;Charadriiformes;Laridae;Rissa;tridactyla;Rissa tridactyla;0;0;0;0;0;0;0;0;0;0;68;0;0;0;0;0;71;0;0;0;0;0;0;0;0;0;0;0;0;0
Vert16S_00111;tagacactaagacagcccacgttaagcaccctgaataaaggactaaaccaagtggaccctgccctaatgtctttggttggggcgaccgcggggaaataaagaacccccacgtggaacgggaacactcttcctacaactaagagctacagctctagtaaacagaacttctgaccagcaagatccggcaatgccgatcaacggaccgagttaccctagggataacagcgcaatcctcttttagagcccatatcgacaagggggt;;;;;;;;;;Triglops murrayi, Triglops pingelli, Triglops nybelini (a);Teleostei;Perciformes;Cottidae;Triglops;;Triglops sp.;0;0;0;0;37;27;0;0;0;0;0;0;0;0;0;0;0;0;0;0;0;0;0;0;0;0;0;52;0;0
Vert16S_00118;tgagcggaagttaagattttaacacacttaccttgcgactaactaatatatctatccaacagtaagttttaaactatttagcgaaagctttggttggggcaaccgcggagtaagaagatcctccgctaataggatattactataataagaattacaattctacaatcaaaatgaaagagtgatccactaaggtgatcaaagaaacaagttaccgcagggataacagcgtaatctcctttaagagttcacattgacaaggagga;;;;;;;;;;;Echinoidea;Camarodonta;Strongylocentrotidae;;;Strongylocentrotidae;0;0;0;0;0;109;0;0;0;0;0;0;0;0;0;0;0;0;0;0;0;0;0;0;0;0;0;0;0;0
Vert16S_00149;tagacactaagacagcccacgttaagcaccctgaataaaggactaaaccaagtggaccctgccctaatgtctttggttggggcgaccgcggggaactaaataacccccacgtggagcgggagaactcctcctacagctaagagctacagctctaataaacagaaattctgaccagcaagatccggcaatgccgatcaacggaccgagttaccctagggataacagcgcaatcctcttttagagcccatatcgacaagggggt;;;;;;;;;;Icelus bicornis (a);Teleostei;Perciformes;Cottidae;Icelus;;Icelus sp.;0;0;0;0;0;0;0;0;0;0;0;0;0;0;0;0;0;0;0;0;0;0;0;0;0;0;0;26;0;0
Vert16S_00130;tagacactaaggcagcccacgttaagcaccctgaataaaggactaaaccaagtgcgccctgccctaatgtctttggttggggcgaccgcggggaataaaaaaacccccacgtggaacgggaatacttttcctacaaccaagagccacagctctagtaaacaaaacttctgaccagcaagatccggcaatgccgatcaacggaccgagttaccctagggataacagcgcaatcctcttttagagcccatatcgacaagggggt;;;;;;;;;;Icelus spatula, Icelus bicornis (a);Teleostei;Perciformes;Cottidae;Icelus;;Icelus sp.;0;0;0;0;0;0;0;0;0;0;0;0;0;0;87;0;0;0;0;0;0;0;0;0;0;0;0;0;0;0
Vert16S_00181;tagacactaagacagcccacgttaagcaccctgaataaaggactaaaccaagtggaccctgccctaatgtctttggttggggcgaccgcggggcactaaataacccccacgtggaccgggaggactcctcctacagctaagagctacagctctagtaaacagaatttctgaccaataagatccggcaacgccgatcaacggaccgagttaccctagggataacagcgcaatcctcttttagagcccatatcgacaagggggt;;;;;;;;;;Icelus bicornis (a);Teleostei;Perciformes;Cottidae;Icelus;;Icelus sp.;0;0;0;0;0;16;0;0;0;0;0;0;0;0;0;0;0;0;0;0;0;0;0;0;0;0;0;0;0;0
Vert16S_00136;caacttcctaaagaacataagaccctttaaaagaaaatttcctcttcaaagaagttttggttggggcaaccacggagtataagaaacctccagaaaattaacccgatttttcatcacataagacaaacaaaagaaccagaacccctggtaaacagaaaaagttaccgcagggataacagcgttatcttttctgagagttcacattgacgaaaaggt;??? Invert;;;;;;;;;;Holothuroidea;Dendrochirotida;Cucumariidae;Cucumaria;;Cucumaria sp.;0;0;0;0;0;46;0;0;0;0;0;0;0;0;0;0;0;0;0;0;0;13;0;0;0;0;0;0;0;0
Vert16S_00138;tagacaccaaggcagcttacgttaaacacccccaataaggacctaaaccaaataagccctcccctaatgtctttggttggggcgaccgcggggaactaagtaacccccacgtggaacgggggaactccccctacagctaagagctacagctctagtaaacagaatttctgaccagtaagatccggcaatgccgatcaacggaccgagttaccctagggataacagcgcaatcctcttttagagcccatatcgacaagggggt;;;;;;;;;;Eumicrotremus spinosus;Teleostei;Perciformes;Cyclopteridae;Eumicrotremus;spinosus;Eumicrotremus spinosus;0;0;0;0;0;0;0;0;0;0;0;0;0;0;64;0;0;0;0;0;0;0;0;0;0;0;0;0;0;0
Vert16S_00143;tactataaccttttctcaaaaccctaaggaaatgagcaaccctctaaccttagtcttaggaaaggctggtagtttcgttggggcgacgacctttcaaaaagtaacaaaggttagcgatggttttctatttaatgaatcttagcctgactgtttggcctataagcctaccagacaccttcgtgagccataattttccattttaagggaaaccttaaaatgccataatataaaagttaccatagggataacagcgtaattttgtcgaagagctcttatcgatgacaaaga;;;;;;;;;;;Staurozoa;Stauromedusae;Haliclystidae;Haliclystus;auricula;Haliclystus auricula;0;0;48;0;0;0;0;0;0;0;0;0;0;0;0;0;0;0;0;0;0;0;0;0;0;0;0;0;0;0
Vert16S_00188;tagccaccaagacagatcatgttaataaacccaaataaaggactaaaccaagtgatacctgccctaatgtctttggttggggcgaccgcggggaattaaaaaacccccacgtggaatgggagcacccctcctacaactaagagctacagctctagtaaacagaaattctgaccagtaagatccggcaatgccgatcaacggaccgagttaccctagggataacagcgcaatcctcttttagagcccatatcgacaagggggt;;;;;;;;;;Leptoclinus maculatus;Teleostei;Perciformes;Lumpenidae;Leptoclinus;maculatus;Leptoclinus maculatus;0;0;18;0;0;0;0;0;0;0;0;0;0;0;0;0;0;0;0;0;0;0;0;0;0;0;0;0;0;0
Vert16S_00193;aaactcctaaaagaaaaacttacaatttaataaccaaataatctttatagaagttttggttggggcaaccacggagaaacaaaaatcctccagaaacttaaaaagattataaatcatttaacacaaaacaaagatccagaatactgaaaacagaaatagttaccgcagggataacagcgtcatctcctttaagagttcacattgacaaggaaga;;;;;;;;;;;Holothuroidea;Dendrochirotida;Psolidae;Psolus;phantapus;Psolus phantapus;0;0;0;0;0;0;0;0;0;0;0;0;0;0;0;0;0;0;0;0;0;0;0;0;0;0;0;0;12;0
Vert16S_00195;caattaatcagcccaaatattataaccttaaaccatcaagggataacaaaatcttatatgagctgacaatttcggttggggtgacctcggagtacaaaaaaccctccgagtgattaaaacctaggcccactagccaaagtataacatcacttattgatccaatcctttgatcaacggaacaagttaccctagggataacagcgcaatcctattctagagtccatatcgacaatagggt;;;;;;;;;;Balaenoptera acutorostrata;Mammalia;Cetartiodactyla;Balaenopteridae;Balaenoptera;acutorostrata;Balaenoptera acutorostrata;0;0;0;0;0;0;0;0;0;0;13;0;0;0;0;0;0;0;0;0;0;0;0;0;0;0;0;0;0;0